0,colleague
1,colleague
2,colleague
3,colleague
4,colleague
5,colleague
6,colleague
7,colleague
8,colleague
9,colleague
10,colleague
11,colleague
12,colleague
13,colleague
14,colleague
15,colleague
16,colleague
17,colleague
18,colleague
19,colleague
20,colleague
21,colleague
22,colleague
23,colleague
24,colleague
25,colleague
26,colleague
27,colleague
28,colleague
29,colleague
30,colleague
31,colleague
32,colleague
33,colleague
34,colleague
35,colleague
36,colleague
37,colleague
38,colleague
39,colleague
40,colleague
41,colleague
42,colleague
43,colleague
44,colleague
45,colleague
46,colleague
47,colleague
48,colleague
49,colleague
50,colleague
51,colleague
52,colleague
53,colleague
54,colleague
55,colleague
56,colleague
57,colleague
58,colleague
59,colleague
60,colleague
61,colleague
62,colleague
63,colleague
64,colleague
65,colleague
66,colleague
67,colleague
68,colleague
69,colleague
70,colleague
71,colleague
72,colleague
73,colleague
74,colleague
75,colleague
76,colleague
77,colleague
78,colleague
79,colleague
80,colleague
81,colleague
82,colleague
83,colleague
84,colleague
85,colleague
86,colleague
87,colleague
88,colleague
89,colleague
90,colleague
91,colleague
92,colleague
93,colleague
94,colleague
95,colleague
96,colleague
97,colleague
98,colleague
99,colleague
100,colleague
101,colleague
102,colleague
103,colleague
104,colleague
105,colleague
106,colleague
107,colleague
108,colleague
109,colleague
110,colleague
111,colleague
112,colleague
113,colleague
114,colleague
115,colleague
116,colleague
117,colleague
118,colleague
119,colleague
120,colleague
121,colleague
122,colleague
123,colleague
124,colleague
125,colleague
126,colleague
127,colleague
128,colleague
129,colleague
130,colleague
131,colleague
132,colleague
133,colleague
134,colleague
135,colleague
136,colleague
137,colleague
138,colleague
139,colleague
140,colleague
141,colleague
142,colleague
143,colleague
144,colleague
145,colleague
146,colleague
147,colleague
148,colleague
149,colleague
150,colleague
151,colleague
152,colleague
153,colleague
154,colleague
155,colleague
156,colleague
157,colleague
158,colleague
159,colleague
160,colleague
161,colleague
162,colleague
163,colleague
164,colleague
165,colleague
166,colleague
167,colleague
168,colleague
169,colleague
170,colleague
171,colleague
172,colleague
173,colleague
174,colleague
175,colleague
176,colleague
177,colleague
178,colleague
179,colleague
180,colleague
181,colleague
182,colleague
183,colleague
184,colleague
185,colleague
186,colleague
187,colleague
188,colleague
189,colleague
190,colleague
191,colleague
192,colleague
193,colleague
194,colleague
195,colleague
196,colleague
197,colleague
198,colleague
199,colleague
200,colleague
201,colleague
202,colleague
203,colleague
204,colleague
205,colleague
206,colleague
207,colleague
208,colleague
209,colleague
210,colleague
211,colleague
212,colleague
213,colleague
214,colleague
215,colleague
216,colleague
217,colleague
218,colleague
219,colleague
220,colleague
221,colleague
222,colleague
223,colleague
224,colleague
225,colleague
226,colleague
227,colleague
228,colleague
229,colleague
230,colleague
231,non-colleague
232,non-colleague
233,non-colleague
234,non-colleague
235,non-colleague
236,non-colleague
237,non-colleague
238,non-colleague
239,non-colleague
240,non-colleague
241,non-colleague
242,non-colleague
243,non-colleague
244,non-colleague
245,non-colleague
246,non-colleague
247,non-colleague
248,non-colleague
249,non-colleague
250,non-colleague
251,non-colleague
252,non-colleague
253,non-colleague
254,non-colleague
255,non-colleague
256,non-colleague
257,non-colleague
258,non-colleague
259,non-colleague
260,non-colleague
261,non-colleague
262,non-colleague
263,non-colleague
264,non-colleague
265,non-colleague
266,non-colleague
267,non-colleague
268,non-colleague
269,non-colleague
270,non-colleague
271,non-colleague
272,non-colleague
273,non-colleague
274,non-colleague
275,non-colleague
276,non-colleague
277,non-colleague
278,non-colleague
279,non-colleague
280,non-colleague
281,non-colleague
282,non-colleague
283,non-colleague
284,non-colleague
285,non-colleague
286,non-colleague
287,non-colleague
288,non-colleague
289,non-colleague
290,non-colleague
291,non-colleague
292,non-colleague
293,non-colleague
294,non-colleague
295,non-colleague
296,non-colleague
297,non-colleague
298,non-colleague
299,non-colleague
300,non-colleague
301,non-colleague
302,non-colleague
303,non-colleague
304,non-colleague
305,non-colleague
306,non-colleague
307,non-colleague
308,non-colleague
309,non-colleague
310,non-colleague
311,non-colleague
312,non-colleague
313,non-colleague
314,non-colleague
315,non-colleague
316,non-colleague
317,non-colleague
318,non-colleague
319,non-colleague
320,non-colleague
321,non-colleague
322,non-colleague
323,non-colleague
324,non-colleague
325,non-colleague
326,non-colleague
327,non-colleague
328,non-colleague
329,non-colleague
330,non-colleague
331,non-colleague
332,non-colleague
333,non-colleague
334,non-colleague
335,non-colleague
336,non-colleague
337,non-colleague
338,non-colleague
339,non-colleague
340,non-colleague
341,non-colleague
342,non-colleague
343,non-colleague
344,non-colleague
345,non-colleague
346,non-colleague
347,non-colleague
348,non-colleague
349,non-colleague
350,non-colleague
351,non-colleague
352,non-colleague
353,non-colleague
354,non-colleague
355,non-colleague
356,non-colleague
357,non-colleague
358,non-colleague
359,non-colleague
360,non-colleague
361,non-colleague
362,non-colleague
363,non-colleague
364,non-colleague
365,non-colleague
366,non-colleague
367,non-colleague
368,non-colleague
369,non-colleague
370,non-colleague
371,non-colleague
372,non-colleague
373,non-colleague
374,non-colleague
375,non-colleague
376,non-colleague
377,non-colleague
378,non-colleague
379,non-colleague
380,non-colleague
381,non-colleague
382,non-colleague
383,non-colleague
384,non-colleague
385,non-colleague
386,non-colleague
387,non-colleague
388,non-colleague
389,non-colleague
390,non-colleague
391,non-colleague
392,non-colleague
393,non-colleague
394,non-colleague
395,non-colleague
396,non-colleague
397,non-colleague
398,non-colleague
399,non-colleague
400,non-colleague
401,non-colleague
402,non-colleague
403,non-colleague
404,non-colleague
405,non-colleague
406,non-colleague
407,non-colleague
408,non-colleague
409,non-colleague
410,non-colleague
411,non-colleague
412,non-colleague
413,non-colleague
414,non-colleague
415,non-colleague
416,non-colleague
417,non-colleague
418,non-colleague
419,non-colleague
420,non-colleague
421,non-colleague
422,non-colleague
423,non-colleague
424,non-colleague
425,colleague
426,colleague
427,colleague
428,colleague
429,colleague
430,colleague
431,colleague
432,colleague
433,colleague
434,colleague
435,colleague
436,colleague
437,colleague
438,colleague
439,colleague
440,colleague
441,colleague
442,colleague
443,colleague
444,colleague
445,colleague
446,colleague
447,colleague
448,colleague
449,colleague
450,colleague
451,colleague
452,colleague
453,colleague
454,colleague
455,colleague
456,colleague
457,colleague
458,colleague
459,colleague
460,colleague
461,colleague
462,colleague
463,colleague
464,colleague
465,colleague
466,colleague
467,colleague
468,colleague
469,colleague
470,colleague
471,colleague
472,colleague
473,colleague
474,colleague
475,colleague
476,colleague
477,colleague
478,colleague
479,colleague
480,colleague
481,colleague
482,colleague
483,colleague
484,colleague
485,colleague
486,colleague
487,colleague
488,colleague
489,colleague
490,colleague
491,colleague
492,colleague
493,colleague
494,colleague
495,colleague
496,colleague
497,colleague
498,colleague
499,colleague
500,colleague
501,colleague
502,colleague
503,colleague
504,colleague
505,colleague
506,colleague
507,colleague
508,colleague
509,colleague
510,colleague
511,colleague
512,colleague
513,colleague
514,colleague
515,colleague
516,colleague
517,colleague
518,colleague
519,colleague
520,colleague
521,colleague
522,colleague
523,colleague
524,colleague
525,colleague
526,colleague
527,colleague
528,colleague
529,colleague
530,colleague
531,colleague
532,colleague
533,colleague
534,colleague
535,colleague
536,colleague
537,colleague
538,colleague
539,colleague
540,colleague
541,colleague
542,colleague
543,colleague
544,colleague
545,colleague
546,colleague
547,colleague
548,colleague
549,colleague
550,colleague
551,colleague
552,colleague
553,colleague
554,colleague
555,colleague
556,colleague
557,colleague
558,colleague
559,colleague
560,colleague
561,colleague
562,colleague
563,colleague
564,colleague
565,colleague
566,colleague
567,colleague
568,colleague
569,colleague
570,colleague
571,colleague
572,colleague
573,colleague
574,colleague
575,colleague
576,colleague
577,colleague
578,colleague
579,colleague
580,colleague
581,colleague
582,colleague
583,colleague
584,colleague
585,colleague
586,colleague
587,colleague
588,colleague
589,colleague
590,colleague
591,colleague
592,colleague
593,colleague
594,colleague
595,colleague
596,colleague
597,colleague
598,colleague
599,colleague
600,colleague
601,colleague
602,colleague
603,colleague
604,colleague
605,colleague
606,colleague
607,colleague
608,colleague
609,colleague
610,colleague
611,colleague
612,colleague
613,colleague
614,colleague
615,colleague
616,colleague
617,colleague
618,colleague
619,colleague
620,colleague
621,colleague
622,colleague
623,colleague
624,colleague
625,colleague
626,colleague
627,colleague
628,colleague
629,colleague
630,colleague
631,colleague
632,colleague
633,colleague
634,colleague
635,colleague
636,colleague
637,colleague
638,colleague
639,colleague
640,colleague
641,colleague
642,colleague
643,colleague
644,colleague
645,colleague
646,colleague
647,colleague
648,colleague
649,colleague
650,colleague
651,colleague
652,colleague
653,colleague
654,colleague
655,non-colleague
656,non-colleague
657,non-colleague
658,non-colleague
659,non-colleague
660,non-colleague
661,non-colleague
662,non-colleague
663,non-colleague
664,non-colleague
665,non-colleague
666,non-colleague
667,non-colleague
668,non-colleague
669,non-colleague
670,non-colleague
671,non-colleague
672,non-colleague
673,non-colleague
674,non-colleague
675,non-colleague
676,non-colleague
677,non-colleague
678,non-colleague
679,non-colleague
680,non-colleague
681,non-colleague
682,non-colleague
683,non-colleague
684,non-colleague
685,non-colleague
686,non-colleague
687,non-colleague
688,non-colleague
689,non-colleague
690,non-colleague
691,non-colleague
692,non-colleague
693,non-colleague
694,non-colleague
695,non-colleague
696,non-colleague
697,non-colleague
698,non-colleague
699,non-colleague
700,non-colleague
701,non-colleague
702,non-colleague
703,non-colleague
704,non-colleague
705,non-colleague
706,non-colleague
707,non-colleague
708,non-colleague
709,non-colleague
710,non-colleague
711,non-colleague
712,non-colleague
713,non-colleague
714,non-colleague
715,non-colleague
716,non-colleague
717,non-colleague
718,non-colleague
719,non-colleague
720,non-colleague
721,non-colleague
722,non-colleague
723,non-colleague
724,non-colleague
725,non-colleague
726,non-colleague
727,non-colleague
728,non-colleague
729,non-colleague
730,non-colleague
731,non-colleague
732,non-colleague
733,non-colleague
734,non-colleague
735,non-colleague
736,non-colleague
737,non-colleague
738,non-colleague
739,non-colleague
740,non-colleague
741,non-colleague
742,non-colleague
743,non-colleague
744,non-colleague
745,non-colleague
746,non-colleague
747,non-colleague
748,non-colleague
749,non-colleague
750,non-colleague
751,non-colleague
752,non-colleague
753,non-colleague
754,non-colleague
755,non-colleague
756,non-colleague
757,non-colleague
758,non-colleague
759,non-colleague
760,non-colleague
761,non-colleague
762,non-colleague
763,non-colleague
764,non-colleague
765,non-colleague
766,non-colleague
767,non-colleague
768,non-colleague
769,non-colleague
770,non-colleague
771,non-colleague
772,non-colleague
773,non-colleague
774,non-colleague
775,non-colleague
776,non-colleague
777,non-colleague
778,non-colleague
779,non-colleague
780,non-colleague
781,non-colleague
782,non-colleague
783,non-colleague
784,non-colleague
785,non-colleague
786,non-colleague
787,non-colleague
788,non-colleague
789,non-colleague
790,non-colleague
791,non-colleague
792,non-colleague
793,non-colleague
794,non-colleague
795,non-colleague
796,non-colleague
797,non-colleague
798,non-colleague
799,non-colleague
800,non-colleague
801,non-colleague
802,non-colleague
803,non-colleague
804,non-colleague
805,non-colleague
806,non-colleague
807,non-colleague
808,non-colleague
809,non-colleague
810,non-colleague
811,non-colleague
812,non-colleague
813,non-colleague
814,non-colleague
815,non-colleague
816,non-colleague
817,non-colleague
818,non-colleague
819,non-colleague
820,non-colleague
821,non-colleague
822,non-colleague
823,non-colleague
824,non-colleague
825,non-colleague
826,non-colleague
827,non-colleague
828,non-colleague
829,non-colleague
830,non-colleague
831,non-colleague
832,non-colleague
833,non-colleague
834,non-colleague
835,non-colleague
836,non-colleague
837,non-colleague
838,non-colleague
839,non-colleague
840,non-colleague
841,non-colleague
842,non-colleague
843,non-colleague
844,non-colleague
845,non-colleague
846,non-colleague
847,non-colleague
848,non-colleague
849,non-colleague
850,non-colleague
851,
852,
853,
854,
855,
856,
857,
858,
859,
860,
861,
862,
863,
864,
865,
866,
867,
868,
869,
870,
871,
872,
873,
874,
875,
876,
877,
878,
879,
880,
881,
882,
883,
884,
885,
886,
887,
888,
889,
890,
891,
892,
893,
894,
895,
896,
897,
898,
899,
900,
901,
902,
903,
904,
905,
906,
907,
908,
909,
910,
911,
912,
913,
914,
915,
916,
917,
918,
919,
920,
921,
922,
923,
924,
925,
926,
927,
928,
929,
930,
931,
932,
933,
934,
935,
936,
937,
938,
939,
940,
941,
942,
943,
944,
945,
946,
947,
948,
949,
950,
951,
952,
953,
954,
955,
956,
957,
958,
959,
960,
961,
962,
963,
964,
965,
966,
967,
968,
969,
970,
971,
972,
973,
974,
975,
976,
977,
978,
979,
980,
981,
982,
983,
984,
985,
986,
987,
988,
989,
990,
991,
992,
993,
994,
995,
996,
997,
998,
999,
1000,
1001,
1002,
1003,
1004,
1005,
1006,
1007,
1008,
1009,
1010,
1011,
1012,
1013,
1014,
1015,
1016,
1017,
1018,
1019,
1020,
1021,
1022,
1023,
1024,
1025,
1026,
1027,
1028,
1029,
1030,
1031,
1032,
1033,
1034,
1035,
1036,
1037,
1038,
1039,
1040,
1041,
1042,
1043,
1044,
1045,
1046,
1047,
1048,
1049,
1050,
1051,
1052,
1053,
1054,
1055,
1056,
1057,
1058,
1059,
1060,
1061,
1062,
1063,
1064,
1065,
1066,
1067,
1068,
1069,
1070,
1071,
1072,
1073,
1074,
1075,
1076,
1077,
1078,
1079,
1080,
1081,
1082,
1083,
1084,
1085,
1086,
1087,
1088,
1089,
1090,
1091,
1092,
1093,
1094,
1095,
1096,
1097,
1098,
1099,
1100,
1101,
1102,
1103,
1104,
1105,
1106,
1107,
1108,
1109,
1110,
1111,
1112,
1113,
1114,
1115,
1116,
1117,
1118,
1119,
1120,
1121,
1122,
1123,
1124,
1125,
1126,
1127,
1128,
1129,
1130,
1131,
1132,
1133,
1134,
1135,
1136,
1137,
1138,
1139,
1140,
1141,
1142,
1143,
1144,
1145,
1146,
1147,
1148,
1149,
1150,
1151,
1152,
1153,
1154,
1155,
1156,
1157,
1158,
1159,
1160,
1161,
1162,
1163,
1164,
1165,
1166,
1167,
1168,
1169,
1170,
1171,
1172,
1173,
1174,
1175,
1176,
1177,
1178,
1179,
1180,
1181,
1182,
1183,
1184,
1185,
1186,
1187,
1188,
1189,
1190,
1191,
1192,
1193,
1194,
1195,
1196,
1197,
1198,
1199,
1200,
1201,
1202,
1203,
1204,
1205,
1206,
1207,
1208,
1209,
1210,
1211,
1212,
1213,
1214,
1215,
1216,
1217,
1218,
1219,
1220,
1221,
1222,
1223,
1224,
1225,
